{"ndcg@5": 0.9013507008091558, "ndcg@10": 0.9113789929341646}